Team,Elo
Brazil,2146.9524462570635
Argentina,2084.0415470478197
Netherlands,2006.676418120037
Spain,1993.8528323750625
Belgium,1967.1272009900908
Italy,1942.573349453175
Portugal,1938.0141983964231
Germany,1925.398206422907
France,1891.951351448986
England,1888.2553493122323
Switzerland,1887.2400317436754
Denmark,1885.478514908771
Uruguay,1862.909196381276
Japan,1861.0297122297718
South Korea,1857.0732617420938
Iran,1843.0645733515832
Serbia,1839.0546912378693
Croatia,1837.175866266762
Morocco,1833.5407561173195
Colombia,1820.3052271689116
Hungary,1796.506648188896
Ecuador,1793.8846888744756
Canada,1781.8898919702067
Senegal,1779.9635344172596
Poland,1777.570397618106
United States,1765.671981072357
Wales,1759.7791683766593
Mexico,1755.3614292462544
Costa Rica,1744.4524379284287
Tunisia,1739.019831703127
Saudi Arabia,1723.5245912563691
Australia,1721.1632432479958
Algeria,1720.629973312166
Ukraine,1717.5155764971212
Czech Republic,1702.0712058579252
Paraguay,1698.965501555504
Peru,1697.6904864345395
Cameroon,1696.13298600335
Egypt,1691.222147242221
Turkey,1681.4364014608702
Sweden,1680.7887815658066
Basque Country,1675.4756901247106
Nigeria,1673.9359234636208
Qatar,1673.2871290101732
German DR,1670.7466968220062
Republic of Ireland,1668.5888753288282
Czechoslovakia,1663.6872209041546
Scotland,1650.8505664358022
Chile,1647.9371435450817
Venezuela,1646.1969964141026
Ivory Coast,1644.5456889710636
Gabon,1639.3097148134748
Burkina Faso,1639.1767452851414
Greece,1635.9630825443458
Yugoslavia,1633.2211357622862
Slovenia,1633.0705875813399
Ghana,1625.4587862683034
Finland,1613.9999658901436
Slovakia,1609.9715427712442
Bosnia and Herzegovina,1607.9791968764614
Norway,1600.6387039945648
Russia,1599.2604376647785
Mali,1593.4286440468554
Romania,1582.888424499209
Panama,1581.0947717098538
Bolivia,1576.1488289606268
Bahrain,1575.582750325097
Angola,1571.8434192327684
Jordan,1571.2182088279046
Uzbekistan,1558.3579483511328
South Africa,1556.924918892827
Austria,1556.4718083178
United Arab Emirates,1554.1613720103476
Zambia,1551.7825083334358
Galicia,1541.7132235638799
China,1539.7612888095946
Syria,1533.5315772463193
Andalusia,1533.3490065640983
Northern Ireland,1528.843590705854
Iraq,1527.755330209034
Catalonia,1524.974412596601
Western Australia,1524.2585703756495
Montenegro,1522.9437721587258
Uganda,1518.6186032149988
Corsica,1510.9991106178086
South Sudan,1503.351271918779
Brittany,1502.8687397804358
Honduras,1499.8784403306017
Bulgaria,1497.854282758522
Dominican Republic,1495.7244390683436
North Macedonia,1495.2192582473342
Guinea,1493.972994963972
Sierra Leone,1491.2791067399237
Comoros,1486.7454516926869
Oman,1484.5454841739331
Northern Cyprus,1484.4364806326328
North Korea,1483.2557100567874
Silesia,1483.232901229423
DR Congo,1480.9894676430101
Samoa,1480.261394775436
Jamaica,1477.0804247620458
Botswana,1474.149558091401
Vanuatu,1471.275720653587
Libya,1467.3897103684335
Georgia,1467.0992288381517
Antigua and Barbuda,1466.3611093124784
Guatemala,1466.1984221720834
Iceland,1464.6037253546174
Puerto Rico,1463.1219758520767
Yemen DPR,1462.4344285625684
Kuwait,1457.4710079369752
Equatorial Guinea,1455.6878495218166
Cape Verde,1455.0040471903192
Papua New Guinea,1453.492880299071
Kosovo,1450.424797567741
French Guiana,1447.6221527620157
Aruba,1446.7427803045039
United States Virgin Islands,1445.7447141598814
Belarus,1445.3141412015598
Israel,1442.5456550463591
Central African Republic,1439.5839626734473
Eswatini,1439.2619839134582
Estonia,1437.0093950466162
Albania,1436.901169813262
Guadeloupe,1436.1915068614044
Burundi,1435.6989676629164
Tanzania,1432.0071131827754
New Caledonia,1428.8945196030154
Cook Islands,1427.3830978456542
São Tomé and Príncipe,1426.6444523793798
Saint Kitts and Nevis,1423.7347385316916
Liberia,1422.8982665125623
Myanmar,1422.6128371322131
Saarland,1421.6842969052802
American Samoa,1421.5625268127908
Rwanda,1419.5373402097498
Madagascar,1417.6245131701635
Manchukuo,1417.3968413999667
Armenia,1417.2526398657094
Seychelles,1416.6809205639213
Brunei,1416.0013645268452
Martinique,1414.3011697797626
Tonga,1411.813160361734
Grenada,1411.4923071404273
Togo,1409.3459139111521
Gambia,1409.207326679716
Trinidad and Tobago,1406.5425930494055
Zimbabwe,1401.6992556229889
Dominica,1401.4888314182926
Eritrea,1399.1910768560629
Djibouti,1398.54032672097
Saint Vincent and the Grenadines,1396.4898972931558
Mozambique,1395.673131523674
Curaçao,1394.8143763196233
Vietnam,1393.7562002463292
Lesotho,1391.91932611088
Cayman Islands,1390.1289875770944
Turkmenistan,1389.1523414511537
Saint Lucia,1387.0417046034506
Chad,1385.8806738432233
New Zealand,1385.0246156895696
Fiji,1384.9693270236028
Sudan,1383.949493020969
Kenya,1382.0032555892237
Congo,1378.7233518344558
Malawi,1377.1604464776194
Lithuania,1376.224619139743
Vietnam Republic,1372.2052422954944
Barbados,1371.9798784723819
Palestine,1370.786137166723
Haiti,1369.8878808505854
Kyrgyzstan,1368.6572350713996
Solomon Islands,1368.206656493646
Timor-Leste,1367.2381443344957
Tajikistan,1364.3513844114607
Somalia,1358.65017221016
Suriname,1357.2318060567238
Benin,1355.673710137075
Guyana,1353.9038668101268
Pakistan,1343.140238531649
Mauritania,1342.52790736323
El Salvador,1340.0650300168845
Thailand,1338.3411162157643
Mongolia,1337.8374381861809
Tahiti,1337.0886521579905
Malaysia,1333.7136421404791
Bhutan,1331.4976114607175
Maldives,1325.9286115892976
Gibraltar,1323.3352145725028
Lebanon,1323.0540129667893
Cambodia,1321.4627662126024
Mauritius,1318.9153628329577
Niger,1318.1757513528287
Guam,1317.6827841477427
India,1311.3299304636573
Namibia,1310.728954971644
Kazakhstan,1305.8884423859597
Guinea-Bissau,1301.2681938057076
Moldova,1294.0945104342552
Ethiopia,1293.2222011006265
Belize,1288.9733415005135
Philippines,1286.2684289546132
Azerbaijan,1285.9797745472292
Latvia,1282.658460147291
Afghanistan,1280.7678219757402
Macau,1278.197829683726
Nicaragua,1277.372862910518
Laos,1272.7738598309509
Cyprus,1272.2567471372292
Taiwan,1260.5462728108032
Liechtenstein,1259.428398416002
Bermuda,1254.873889319387
Andorra,1243.0995508249216
Sri Lanka,1236.0305134505893
Yemen,1226.3689858305884
Cuba,1226.240997961184
Indonesia,1225.2981383142203
Bangladesh,1217.7011324617197
Nepal,1216.9219637289539
Singapore,1191.2617796651225
Malta,1180.0716423132483
Hong Kong,1178.0087177363564
Faroe Islands,1156.1841163918873
Luxembourg,1114.3577318133273
San Marino,1056.9010823440108
